Timestamp,Channel URL,Title,Video URL,Owner Channel Name,Views,Rounded Subscriber Count,Description,Like Count
2025-03-03 21:31:21,https://www.youtube.com/@BaityLive/videos,Resident Evil Online ser√° LOST MEDIA... vamos a probarlo - RE:Verse,https://www.youtube.com/watch?v=vg6mS7xqSM0,,29365 views,517K subscribers,"",3.5K
2025-03-03 21:31:21,https://www.youtube.com/@BaityLive/videos,SOY BATMAN - EN VR,https://www.youtube.com/watch?v=egkyMMdI7IY,,75768 views,517K subscribers,"",5.1K
2025-03-03 21:31:21,https://www.youtube.com/@BaityLive/videos,Youtube est√° REPLETA de v√≠deos generados por IA,https://www.youtube.com/watch?v=l7mcXVQ2KPI,,321234 views,517K subscribers,"",22K
2025-03-03 21:31:21,https://www.youtube.com/@BaityLive/videos,¬øLos juegos son DEMASIADO BARATOS? - Juegos a 100$,https://www.youtube.com/watch?v=C-39VH14sDE,,346244 views,517K subscribers,"",21K
2025-03-03 21:31:21,https://www.youtube.com/@BaityLive/videos,Es momento de volverme experto en Minecraft,https://www.youtube.com/watch?v=blRc48oLgvo,,233429 views,517K subscribers,"",14K
2025-03-03 21:31:21,https://www.youtube.com/@BaityLive/videos,GTA VI ser√° un METAVERSO como Fortnite o Roblox,https://www.youtube.com/watch?v=J_2auXNlIwk,,340620 views,517K subscribers,"",20K
2025-03-03 21:31:21,https://www.youtube.com/@BaityLive/videos,An√©cdotas de citas QUE SALEN MAL,https://www.youtube.com/watch?v=o9IW8meAVVM,,247835 views,517K subscribers,"",20K
2025-03-03 21:31:21,https://www.youtube.com/@BaityLive/videos,El RogueLike de Elden Ring est√° bien PERO... - Elden Ring Nightreign,https://www.youtube.com/watch?v=g_FavXRJ998,,245477 views,517K subscribers,"",14K
2025-03-03 21:31:21,https://www.youtube.com/@BaityLive/videos,Es hora de civilizarme: CIVILIZATION VII,https://www.youtube.com/watch?v=Nxbyw_Pt7x8,,207474 views,517K subscribers,"",9.2K
2025-03-03 21:31:21,https://www.youtube.com/@BaityLive/videos,Las CONSECUENCIAS de las FILTRACIONES,https://www.youtube.com/watch?v=pyEys0FtjfM,,376508 views,517K subscribers,"",21K
2025-03-03 21:31:21,https://www.youtube.com/@BaityLive/videos,Viendo vuestras IDEAS MILLONARIAS de VIDEOJUEGOS,https://www.youtube.com/watch?v=NEJdeOAkJaE,,397411 views,517K subscribers,"",21K
2025-03-03 21:31:21,https://www.youtube.com/@BaityLive/videos,Electronic Arts en PROBLEMAS,https://www.youtube.com/watch?v=y25fINBN9wU,,389091 views,517K subscribers,"",23K
2025-03-03 21:31:21,https://www.youtube.com/@BaityLive/videos,¬øLa MUERTE del formato F√çSICO?,https://www.youtube.com/watch?v=LbKyRire6ik,,297723 views,517K subscribers,"",19K
2025-03-03 21:31:21,https://www.youtube.com/@BaityLive/videos,¬øHay censura detr√°s del nuevo Assassins Creed Shadows?,https://www.youtube.com/watch?v=a9SAbMbmPLs,,273331 views,517K subscribers,"",16K
2025-03-03 21:31:21,https://www.youtube.com/@BaityLive/videos,El PROBLEMA con el doblaje de VIDEOJUEGOS,https://www.youtube.com/watch?v=dAGIyZJ6K-o,,444603 views,517K subscribers,"",29K
2025-03-03 21:31:21,https://www.youtube.com/@BaityLive/videos,El nuevo rumbo de XBOX,https://www.youtube.com/watch?v=DJoP19ca3-k,,363298 views,517K subscribers,"",20K
2025-03-03 21:31:21,https://www.youtube.com/@BaityLive/videos,CUPHEAD pero por cada muerte regalo SUB,https://www.youtube.com/watch?v=g-OVfFiN0uY,,249635 views,517K subscribers,"",14K
2025-03-03 21:31:21,https://www.youtube.com/@BaityLive/videos,RANKING DE PALOS de mis seguidores (no piensen mal),https://www.youtube.com/watch?v=_YHn5kMPIEo,,334205 views,517K subscribers,"",27K
2025-03-03 21:31:21,https://www.youtube.com/@BaityLive/videos,Los mejores clips del Baity en 2024,https://www.youtube.com/watch?v=lhvE8po_qI4,,251016 views,517K subscribers,"",16K
2025-03-03 21:31:21,https://www.youtube.com/@BaityLive/videos,SWITCH 2 anunciada oficialmente,https://www.youtube.com/watch?v=1VO6BtqaJiQ,,482200 views,517K subscribers,"",28K
2025-03-03 21:31:21,https://www.youtube.com/@BaityLive/videos,Charla sobre la vida\, carrera laboral\, trabajo...,https://www.youtube.com/watch?v=Zd7caYEqOBE,,288604 views,517K subscribers,"",25K
2025-03-03 21:31:21,https://www.youtube.com/@BaityLive/videos,Switch 2 se anunciar√° esta semana,https://www.youtube.com/watch?v=Qaq2lgpthLI,,247556 views,517K subscribers,"",16K
2025-03-03 21:31:21,https://www.youtube.com/@BaityLive/videos,La MAYOR√çA de nuestras interacciones en Internet ser√°n con bots,https://www.youtube.com/watch?v=QsGQGnCrTxo,,388966 views,517K subscribers,"",25K
2025-03-03 21:31:21,https://www.youtube.com/@BaityLive/videos,Nos pasamos el JUEGARRAL de Return of the Obra Dinn,https://www.youtube.com/watch?v=80aXF4x9WXs,,237060 views,517K subscribers,"",8.8K
2025-03-03 21:31:21,https://www.youtube.com/@BaityLive/videos,Baity cae en un juego de monas chinas y le gusta - MiSide,https://www.youtube.com/watch?v=oUdfOi4wvnI,,535670 views,517K subscribers,"",29K
2025-03-03 21:31:21,https://www.youtube.com/@BaityLive/videos,Experto en sue√±o (Andaluz) te habla sobre LA IMPORTANCIA DE DORMIR BIEN,https://www.youtube.com/watch?v=vowzxs9jqwU,,308691 views,517K subscribers,"",22K
2025-03-03 21:31:21,https://www.youtube.com/@BaityLive/videos,Es hora de SER JUEZ en este simulador - JudgeSim,https://www.youtube.com/watch?v=vm8rKFy-vHI,,456655 views,517K subscribers,"",18K
2025-03-03 21:31:21,https://www.youtube.com/@BaityLive/videos,Black Myth: Wukong es BUENO,https://www.youtube.com/watch?v=Kpf2SG1NFn4,,276367 views,517K subscribers,"",17K
2025-03-03 21:31:21,https://www.youtube.com/@BaityLive/videos,Pok√©mon TCG es basura al lado de las Holy Cards,https://www.youtube.com/watch?v=UqZgIo0CZs8,,375159 views,517K subscribers,"",29K
2025-03-03 21:31:21,https://www.youtube.com/@BaityLive/videos,Tutorial de c√≥mo hacerte millonario,https://www.youtube.com/watch?v=qvsbAyxUE1I,,272377 views,517K subscribers,"",17K
2025-03-03 21:31:21,https://www.youtube.com/@jujalag/videos,wow hardcore va de morir,https://www.youtube.com/watch?v=RzjUzIU4rA0,,77339 views,748K subscribers,"",6.7K
2025-03-03 21:31:21,https://www.youtube.com/@jujalag/videos,jump king pero es dark souls,https://www.youtube.com/watch?v=LpDJ-Y3H7s8,,204317 views,748K subscribers,"",16K
2025-03-03 21:31:21,https://www.youtube.com/@jujalag/videos,de vuelta a wow hardcore,https://www.youtube.com/watch?v=LLjppEw4asY,,100105 views,748K subscribers,"",8.8K
2025-03-03 21:31:21,https://www.youtube.com/@jujalag/videos,probando la beta de elden ring nightreign,https://www.youtube.com/watch?v=Kg0tSH04LtY,,123112 views,748K subscribers,"",8.1K
2025-03-03 21:31:21,https://www.youtube.com/@jujalag/videos,final fantasy 9 es muy lindo,https://www.youtube.com/watch?v=N2fAVsEt-A8,,118450 views,748K subscribers,"",7.6K
2025-03-03 21:31:21,https://www.youtube.com/@jujalag/videos,dark souls pero muy muy r√°pido,https://www.youtube.com/watch?v=vpNjxPspxCI,,258299 views,748K subscribers,"",14K
2025-03-03 21:31:21,https://www.youtube.com/@jujalag/videos,llegu√© a lvl 60 en wow hardcore,https://www.youtube.com/watch?v=ANwUyrGEJPM,,243061 views,748K subscribers,"",14K
2025-03-03 21:31:21,https://www.youtube.com/@jujalag/videos,consegu√≠ montura en wow hardcore,https://www.youtube.com/watch?v=wMr0IsvvoCs,,153226 views,748K subscribers,"",8.8K
2025-03-03 21:31:21,https://www.youtube.com/@jujalag/videos,mis juegos de 2024,https://www.youtube.com/watch?v=xLTxcJASXls,,201915 views,748K subscribers,"",14K
2025-03-03 21:31:21,https://www.youtube.com/@jujalag/videos,wow hardcore es hardcore,https://www.youtube.com/watch?v=AGPg0HbjgrI,,222486 views,748K subscribers,"",11K
2025-03-03 21:31:21,https://www.youtube.com/@jujalag/videos,conduje 1000km en the long drive,https://www.youtube.com/watch?v=KlGEauWsOzY,,350668 views,748K subscribers,"",27K
2025-03-03 21:31:21,https://www.youtube.com/@jujalag/videos,wow classic pero solo tengo una vida,https://www.youtube.com/watch?v=O4pBcfPHz6Q,,270546 views,748K subscribers,"",14K
2025-03-03 21:31:21,https://www.youtube.com/@jujalag/videos,mont√© mi primer pc,https://www.youtube.com/watch?v=EsV4Kk5jrvc,,302177 views,748K subscribers,"",23K
2025-03-03 21:31:21,https://www.youtube.com/@jujalag/videos,mario 64 pero es zelda ocarina of time,https://www.youtube.com/watch?v=t66pJYu56uc,,212101 views,748K subscribers,"",13K
2025-03-03 21:31:21,https://www.youtube.com/@jujalag/videos,dark souls pero muy r√°pido,https://www.youtube.com/watch?v=b8HExGcqLgk,,371828 views,748K subscribers,"",22K
2025-03-03 21:31:21,https://www.youtube.com/@jujalag/videos,mario 64 pero el suelo es lava,https://www.youtube.com/watch?v=xRiTy5baX84,,253248 views,748K subscribers,"",17K
2025-03-03 21:31:21,https://www.youtube.com/@jujalag/videos,consegu√≠ todas las m√°scaras de majoras mask,https://www.youtube.com/watch?v=ZgOVBPrcHek,,346900 views,748K subscribers,"",15K
2025-03-03 21:31:21,https://www.youtube.com/@jujalag/videos,the long drive hardcore,https://www.youtube.com/watch?v=9NXUHtz_2mQ,,363675 views,748K subscribers,"",26K
2025-03-03 21:31:21,https://www.youtube.com/@jujalag/videos,dark souls 3 pero enemigos y objetos est√°n randomizados,https://www.youtube.com/watch?v=LO0YRgNH0Zo,,564767 views,748K subscribers,"",27K
2025-03-03 21:31:21,https://www.youtube.com/@jujalag/videos,consegu√≠ todas las estrellas de mario 64,https://www.youtube.com/watch?v=dqcuD13Gbb8,,394342 views,748K subscribers,"",16K
2025-03-03 21:31:21,https://www.youtube.com/@jujalag/videos,de vuelta a the long drive,https://www.youtube.com/watch?v=9I0A1o7yuvg,,368645 views,748K subscribers,"",28K
2025-03-03 21:31:21,https://www.youtube.com/@jujalag/videos,como speedrunear mario 64 16 estrellas facilito,https://www.youtube.com/watch?v=simEqhQ7Vfk,,232754 views,748K subscribers,"",12K
2025-03-03 21:31:21,https://www.youtube.com/@jujalag/videos,mi experiencia zelda echoes of wisdom,https://www.youtube.com/watch?v=lVvjMXvDzrI,,170686 views,748K subscribers,"",9.8K
2025-03-03 21:31:21,https://www.youtube.com/@jujalag/videos,mario 64 en menos de 18 min,https://www.youtube.com/watch?v=6OqfxnKSmF8,,360807 views,748K subscribers,"",29K
2025-03-03 21:31:21,https://www.youtube.com/@jujalag/videos,zelda link's awakening es muy lindo,https://www.youtube.com/watch?v=DS3td7T4Tzw,,226469 views,748K subscribers,"",14K
2025-03-03 21:31:21,https://www.youtube.com/@jujalag/videos,me pas√© dark souls a lvl 1,https://www.youtube.com/watch?v=ybISXXN68OY,,529705 views,748K subscribers,"",24K
2025-03-03 21:31:21,https://www.youtube.com/@jujalag/videos,la profec√≠a,https://www.youtube.com/watch?v=k7Z8wdPnRuM,,289914 views,748K subscribers,"",22K
2025-03-03 21:31:21,https://www.youtube.com/@jujalag/videos,mi experiencia omori,https://www.youtube.com/watch?v=xunxZ-faUpg,,387511 views,748K subscribers,"",13K
2025-03-03 21:31:21,https://www.youtube.com/@jujalag/videos,mi experiencia fallout 3,https://www.youtube.com/watch?v=hpYy0stomoU,,622628 views,748K subscribers,"",29K
2025-03-03 21:31:21,https://www.youtube.com/@jujalag/videos,el dark souls de los plataformas,https://www.youtube.com/watch?v=-6yIf4Jgw7w,,396971 views,748K subscribers,"",29K
2025-03-03 21:31:21,https://www.youtube.com/@ElrubiusOMG/videos,QUEDADA DE COCHES\, RAMEN PICANTE Y ROBOTS | Epic Vlog JAPON,https://www.youtube.com/watch?v=A-dvR9jn9Hw,,3586164 views,40.7M subscribers,"",443K
2025-03-03 21:31:21,https://www.youtube.com/@ElrubiusOMG/videos,CAZANDO CARTAS RARAS EN JAPON | Epic Vlog,https://www.youtube.com/watch?v=2ZPgJRNm6x0,,2997143 views,40.7M subscribers,"",290K
2025-03-03 21:31:21,https://www.youtube.com/@ElrubiusOMG/videos,primera partida con MI SKIN,https://www.youtube.com/watch?v=b6OFGGEbf00,,5301363 views,40.7M subscribers,"",384K
2025-03-03 21:31:21,https://www.youtube.com/@ElrubiusOMG/videos,PRESENTANDO MI SKIN DE FORTNITE!,https://www.youtube.com/watch?v=vPAKpEFQ2p0,,2470069 views,40.7M subscribers,"",266K
2025-03-03 21:31:21,https://www.youtube.com/@ElrubiusOMG/videos,Alquil√© un CINE para Jugar Videojuegos,https://www.youtube.com/watch?v=P3rAIy28kYw,,5522568 views,40.7M subscribers,"",447K
2025-03-03 21:31:21,https://www.youtube.com/@ElrubiusOMG/videos,THE BIGGEST CHALLENGE OF MY LIFE,https://www.youtube.com/watch?v=rBoa9eQec0M,,2494393 views,40.7M subscribers,"",275K
2025-03-03 21:31:21,https://www.youtube.com/@ElrubiusOMG/videos,As√≠ TRAICION√â a TODOS en el Reto de MrBeast,https://www.youtube.com/watch?v=xv56qM4P19A,,3676540 views,40.7M subscribers,"",270K
2025-03-03 21:31:21,https://www.youtube.com/@ElrubiusOMG/videos,Sobreviv√≠ 48 Horas en el Reto de MrBeast | Epic Vlog,https://www.youtube.com/watch?v=l2-mkyGPHzo,,7223828 views,40.7M subscribers,"",574K
2025-03-03 21:31:21,https://www.youtube.com/@ElrubiusOMG/videos,MI NUEVA CASA con Will Smith,https://www.youtube.com/watch?v=pKdHyTo_rxs,,3917515 views,40.7M subscribers,"",457K
2025-03-03 21:31:21,https://www.youtube.com/@ElrubiusOMG/videos,Pas√© 24 Horas en Realidad Virtual (Apple Vision Pro),https://www.youtube.com/watch?v=F4x5JqN9Ep4,,7543349 views,40.7M subscribers,"",578K
2025-03-03 21:31:21,https://www.youtube.com/@ElrubiusOMG/videos,VISITANDO EL SUPER NINTENDO WORLD DE JAPON | Epic Vlog,https://www.youtube.com/watch?v=-6LZMizP2YU,,4890653 views,40.7M subscribers,"",474K
2025-03-03 21:31:21,https://www.youtube.com/@ElrubiusOMG/videos,Rubius REWIND: La Historia Completa,https://www.youtube.com/watch?v=dwA716rQafk,,5357484 views,40.7M subscribers,"",754K
2025-03-03 21:31:21,https://www.youtube.com/@ElrubiusOMG/videos,Pokemon Escarlata/Purpura en 1 minuto,https://www.youtube.com/watch?v=6jHJZ3AmKVA,,3447082 views,40.7M subscribers,"",374K
2025-03-03 21:31:21,https://www.youtube.com/@ElrubiusOMG/videos,Le Cambie mi Coche por Objetos de un Videojuego,https://www.youtube.com/watch?v=HdccnA0Njn8,,5734855 views,40.7M subscribers,"",607K
2025-03-03 21:31:21,https://www.youtube.com/@ElrubiusOMG/videos,El momento mas inc√≥modo de mi vida,https://www.youtube.com/watch?v=fUwOqo0ZDvg,,3823093 views,40.7M subscribers,"",544K
2025-03-03 21:31:21,https://www.youtube.com/@ElrubiusOMG/videos,EL RETO DE TOM HOLLAND,https://www.youtube.com/watch?v=h0EmwU7upVY,,6148755 views,40.7M subscribers,"",882K
2025-03-03 21:31:21,https://www.youtube.com/@ElrubiusOMG/videos,CREANDO LA HAMBURGUESA DEFINITIVA | Epic Vlog,https://www.youtube.com/watch?v=uP_NGr3NhvI,,7508375 views,40.7M subscribers,"",851K
2025-03-03 21:31:21,https://www.youtube.com/@ElrubiusOMG/videos,Mr. Increible reacciona a la carrera de elrubiusOMG,https://www.youtube.com/watch?v=1vPUcFfnIhM,,3293558 views,40.7M subscribers,"",447K
2025-03-03 21:31:21,https://www.youtube.com/@ElrubiusOMG/videos,SI ME HACES REIR TE DOY 1000‚Ç¨ #3,https://www.youtube.com/watch?v=gOl7U1k1ZFA,,13827282 views,40.7M subscribers,"",826K
2025-03-03 21:31:21,https://www.youtube.com/@ElrubiusOMG/videos,Minero - Versi√≥n Orquestal (Especial 10 A√±os),https://www.youtube.com/watch?v=jg0H9uvZa-c,,19690251 views,40.7M subscribers,"",2.3M
2025-03-03 21:31:21,https://www.youtube.com/@ElrubiusOMG/videos,Junt√© a 115 Streamers en el Juego del Calamar,https://www.youtube.com/watch?v=xgj5iwKrN2M,,5983632 views,40.7M subscribers,"",569K
2025-03-03 21:31:21,https://www.youtube.com/@ElrubiusOMG/videos,QUIEN SOBREVIVE CHALLENGE feat. Giancarlo Esposito,https://www.youtube.com/watch?v=afFkxfVSHcQ,,2927791 views,40.7M subscribers,"",437K
2025-03-03 21:31:21,https://www.youtube.com/@ElrubiusOMG/videos,MIS PRIMEROS VIDEOS DE YOUTUBE (nunca vistos),https://www.youtube.com/watch?v=xs6dUg5DP88,,6696659 views,40.7M subscribers,"",1M
2025-03-03 21:31:21,https://www.youtube.com/@ElrubiusOMG/videos,RUBIUS PUNTUA VUESTROS SETUPS,https://www.youtube.com/watch?v=becwdlJrZZo,,16642755 views,40.7M subscribers,"",969K
2025-03-03 21:31:21,https://www.youtube.com/@ElrubiusOMG/videos,ESTA CARTA DE POKEMON VALE $295.000,https://www.youtube.com/watch?v=jLTbq_xom6E,,7839480 views,40.7M subscribers,"",885K
2025-03-03 21:31:21,https://www.youtube.com/@ElrubiusOMG/videos,SI ME HACES REIR TE DOY 1000‚Ç¨ #2,https://www.youtube.com/watch?v=oK1giJfz_EI,,21464930 views,40.7M subscribers,"",1.2M
2025-03-03 21:31:21,https://www.youtube.com/@ElrubiusOMG/videos,LA MUERTE TIENE UN PRECIO CHALLENGE,https://www.youtube.com/watch?v=ZCZvSA600wo,,4258693 views,40.7M subscribers,"",493K
2025-03-03 21:31:21,https://www.youtube.com/@ElrubiusOMG/videos,AS√ç SE HIZO EL ANUNCIO DE PS5 | Epic Vlog,https://www.youtube.com/watch?v=S6Ema9BPN1s,,4899647 views,40.7M subscribers,"",650K
2025-03-03 21:31:21,https://www.youtube.com/@ElrubiusOMG/videos,Algo de lo que nunca he hablado,https://www.youtube.com/watch?v=EN1EnzVDjKQ,,7883151 views,40.7M subscribers,"",1.4M
2025-03-03 21:31:21,https://www.youtube.com/@ElrubiusOMG/videos,SI ME HACES REIR TE DOY 1000‚Ç¨,https://www.youtube.com/watch?v=_21FqhKowec,,39054906 views,40.7M subscribers,"",1.8M
2025-03-03 21:31:21,https://www.youtube.com/@orslokXX/videos,Los videojuegos son temporales... Los amigos eternos,https://www.youtube.com/watch?v=BgeAsqoHnZk,,63002 views,615K subscribers,"",4.9K
2025-03-03 21:31:21,https://www.youtube.com/@orslokXX/videos,GOTY ABSOLUTO,https://www.youtube.com/watch?v=TZYXZbV0fmY,,104365 views,615K subscribers,"",6.3K
2025-03-03 21:31:21,https://www.youtube.com/@orslokXX/videos,NADIE MUERE HOYüó£Ô∏è‚ùó‚ùó,https://www.youtube.com/watch?v=mAEazGu5y5w,,79529 views,615K subscribers,"",7.3K
2025-03-03 21:31:21,https://www.youtube.com/@orslokXX/videos,¬øEL JUEGO M√ÅS WOKE DE 2025?,https://www.youtube.com/watch?v=X4PGqMLXhKo,,115930 views,615K subscribers,"",7K
2025-03-03 21:31:21,https://www.youtube.com/@orslokXX/videos,CHUPETE P*TERO DE EPOCA,https://www.youtube.com/watch?v=5YqXcUQEOQQ,,95160 views,615K subscribers,"",7.2K
2025-03-03 21:31:21,https://www.youtube.com/@orslokXX/videos,PERDI A MIS AMIGOS POR CULPA DE ESTE JUEGO,https://www.youtube.com/watch?v=IihQIm4OgGY,,98420 views,615K subscribers,"",6.6K
2025-03-03 21:31:21,https://www.youtube.com/@orslokXX/videos,ü™≥CUCARACHA HIST√ìRICAü™≥,https://www.youtube.com/watch?v=V_daS6bUtQQ,,107739 views,615K subscribers,"",7.5K
2025-03-03 21:31:21,https://www.youtube.com/@orslokXX/videos,AMISTAD TRAICION Y MUERTE,https://www.youtube.com/watch?v=bNaEuB5fNr4,,160711 views,615K subscribers,"",14K
2025-03-03 21:31:21,https://www.youtube.com/@orslokXX/videos,esto es muy injusto!!! (estoy sobre-reaccionando para llamar tu atencion),https://www.youtube.com/watch?v=GKKAqac1TPc,,136296 views,615K subscribers,"",5.5K
2025-03-03 21:31:21,https://www.youtube.com/@orslokXX/videos,soy orslok el empalador,https://www.youtube.com/watch?v=ZNUxRTznK7U,,85563 views,615K subscribers,"",4.2K
2025-03-03 21:31:21,https://www.youtube.com/@orslokXX/videos,el peor mes de mi vida,https://www.youtube.com/watch?v=E4f1VdqUS_A,,126025 views,615K subscribers,"",7.2K
2025-03-03 21:31:21,https://www.youtube.com/@orslokXX/videos,√©picas peleas del flautismo,https://www.youtube.com/watch?v=XFmNHOlkrWU,,68991 views,615K subscribers,"",3.7K
2025-03-03 21:31:21,https://www.youtube.com/@orslokXX/videos,primero del mundo (world record una vez m√°s),https://www.youtube.com/watch?v=mRoBOTaOkt4,,96255 views,615K subscribers,"",5.2K
2025-03-03 21:31:21,https://www.youtube.com/@orslokXX/videos,ceo de twitch lo filtra todo,https://www.youtube.com/watch?v=00zldUjwGwE,,102002 views,615K subscribers,"",5.8K
2025-03-03 21:31:21,https://www.youtube.com/@orslokXX/videos,se acab√≥ (soy este) - PermadeaZ #5,https://www.youtube.com/watch?v=kcpYg4tJeSU,,59334 views,615K subscribers,"",3.8K
2025-03-03 21:31:21,https://www.youtube.com/@orslokXX/videos,alerta‚ò¢Ô∏è furrazo infectado‚ÄºÔ∏è - PermadeaZ #4,https://www.youtube.com/watch?v=Q4BPPbId3Yg,,62407 views,615K subscribers,"",4K
2025-03-03 21:31:21,https://www.youtube.com/@orslokXX/videos,el lobo m√°s buscado de todo el server - PermadeaZ #3,https://www.youtube.com/watch?v=hMH74u2YMFo,,67406 views,615K subscribers,"",4K
2025-03-03 21:31:21,https://www.youtube.com/@orslokXX/videos,¬øsomos los malos de la historia? - PermadeaZ #2,https://www.youtube.com/watch?v=pcRbFYRcG-E,,62231 views,615K subscribers,"",4K
2025-03-03 21:31:21,https://www.youtube.com/@orslokXX/videos,empieza el proyecto femboide - PermadeaZ #1,https://www.youtube.com/watch?v=dfYoG8PT2T8,,81872 views,615K subscribers,"",5.7K
2025-03-03 21:31:21,https://www.youtube.com/@orslokXX/videos,el que perdona murio en la cruz,https://www.youtube.com/watch?v=PkmiW5jjAjc,,131583 views,615K subscribers,"",8K
2025-03-03 21:31:21,https://www.youtube.com/@orslokXX/videos,ME DA MIEDO HABLAR CON MUJERES,https://www.youtube.com/watch?v=RYEjuwLTsDM,,104974 views,615K subscribers,"",5.9K
2025-03-03 21:31:21,https://www.youtube.com/@orslokXX/videos,estuve infiltrado 200 dias en una comunidad furry,https://www.youtube.com/watch?v=HQo5OnNNLjY,,175961 views,615K subscribers,"",8.4K
2025-03-03 21:31:21,https://www.youtube.com/@orslokXX/videos,el primero que enlaz√≥ la llama (setup review de willyrex 2012),https://www.youtube.com/watch?v=YP2Cn14zotA,,112566 views,615K subscribers,"",6.6K
2025-03-03 21:31:21,https://www.youtube.com/@orslokXX/videos,john cobra ha vuelto 14 a√±os despu√©s,https://www.youtube.com/watch?v=pZAVZLDhavk,,127430 views,615K subscribers,"",5.3K
2025-03-03 21:31:21,https://www.youtube.com/@orslokXX/videos,gta brasil,https://www.youtube.com/watch?v=fOS0bTYRUCc,,104306 views,615K subscribers,"",6.3K
2025-03-03 21:31:21,https://www.youtube.com/@orslokXX/videos,orslok si su padre le hubiera querido,https://www.youtube.com/watch?v=z1BwYI0d3eg,,130121 views,615K subscribers,"",6.5K
2025-03-03 21:31:21,https://www.youtube.com/@orslokXX/videos,invierte el futuro de su hija a una cuenta de clash of clans,https://www.youtube.com/watch?v=X9NsqJc68MI,,177924 views,615K subscribers,"",8.7K
2025-03-03 21:31:21,https://www.youtube.com/@orslokXX/videos,orslok puntua las mejores peliculas de la historia,https://www.youtube.com/watch?v=mO9mJTFz2qg,,104674 views,615K subscribers,"",5K
2025-03-03 21:31:21,https://www.youtube.com/@orslokXX/videos,necesitas 120 IQ para jugar a este juego,https://www.youtube.com/watch?v=gUsjChHfERY,,106424 views,615K subscribers,"",5.4K
2025-03-03 21:31:21,https://www.youtube.com/@orslokXX/videos,hace un frio que matarilerilero!!,https://www.youtube.com/watch?v=6or-zIiUgzY,,140397 views,615K subscribers,"",6.7K
2025-03-03 21:31:21,https://www.youtube.com/@Test/videos,John Mayer - Assassin Guitar Solo (Using A Drumstick!)   [April 7\, 2010 Winnipeg\, MB],https://www.youtube.com/watch?v=jK8EMmgf1Og,,12249 views,434 subscribers,"",69
2025-03-03 21:31:21,https://www.youtube.com/@Test/videos,John Mayer - Slow Dancing In A Burning Room (Webster Hall),https://www.youtube.com/watch?v=fbJ5r-MPNBk,,100827 views,434 subscribers,"",551
2025-03-03 21:31:21,https://www.youtube.com/@Test/videos,John Mayer - Alife Sessions [Part 2],https://www.youtube.com/watch?v=RUaCSjkcyfY,,119500 views,434 subscribers,"",738
2025-03-03 21:31:21,https://www.youtube.com/@Test/videos,John Mayer - CSI,https://www.youtube.com/watch?v=vdfL060Wpac,,223882 views,434 subscribers,"A dedicated group of forensic investigators at the Las Vegas Crime Lab works to solve often-grisly crimes in Sin City. Heading up the graveyard shift (an appropriate term in this case) is supervisor D.B. Russell\, a \",941
